{"camera_matrix": [[1364.9012629300341, 0.0, 686.2666699650496], [0.0, 1365.4865419354046, 490.83728249189], [0.0, 0.0, 1.0]], "dist_coeffs": [[-0.023835315839924095, 0.6100446878037483, 0.006572057968046451, -0.007881223878411387, -2.044152938578644]]}