{"camera_matrix": [[1509.3522277341067, 0.0, 968.7853927790005], [0.0, 1508.7845685197021, 509.9614647163882], [0.0, 0.0, 1.0]], "dist_coeffs": [[0.07024049234993023, 0.07007501175837452, -0.005699088968874904, -0.004524761215512403, -0.3544695903907961]]}